{
  "sampleCount": 757,
  "oracleBottomCount": 5,
  "deliberateResetCount": 5,
  "confirmedMotionCount": 5,
  "oneResetPerConfirmedMotion": false,
  "finalRestDriftA": 0,
  "finalRestDriftB1": 3.519873890694033,
  "finalRestDriftB2": 0,
  "diffA_B1": {
    "meanAbsBodyZVelocityDiff": 1.4107413964177011,
    "maxAbsBodyZVelocityDiff": 3.519873890694033,
    "finalBodyZVelocityA": -0.06687903844832159,
    "finalBodyZVelocityB": -3.5867529291423543
  },
  "diffA_B2": {
    "meanAbsBodyZVelocityDiff": 0.04114907623585211,
    "maxAbsBodyZVelocityDiff": 0.10299627083819157,
    "finalBodyZVelocityA": -0.06687903844832159,
    "finalBodyZVelocityB": -0.06687903844832159
  },
  "diffB1_B2": {
    "meanAbsBodyZVelocityDiff": 1.4495744842790632,
    "maxAbsBodyZVelocityDiff": 3.519873890694033,
    "finalBodyZVelocityA": -3.5867529291423543,
    "finalBodyZVelocityB": -0.06687903844832159
  },
  "aPreservationVerified": true,
  "disclaimer": "B2 is an offline counterfactual (generic + oracle-timed velocity resets). Do not claim B2 is more accurate without Flex validation."
}
